<?xml version="1.0" encoding="UTF-8"?>
<beans:beans xmlns:mvc="http://www.springframework.org/schema/mvc"
	xmlns:xsi="http://www.w3.org/2001/XMLSchema-instance" xmlns:beans="http://www.springframework.org/schema/beans"
	xmlns:context="http://www.springframework.org/schema/context"
	xsi:schemaLocation="http://www.springframework.org/schema/mvc http://www.springframework.org/schema/mvc/spring-mvc.xsd
		http://www.springframework.org/schema/beans http://www.springframework.org/schema/beans/spring-beans.xsd
		http://www.springframework.org/schema/context http://www.springframework.org/schema/context/spring-context.xsd">


	<!-- <annotation-driven /> -->
	<context:component-scan base-package="com.cts.nm" />
	<mvc:annotation-driven />
	<mvc:resources mapping="/resources/**" location="/resources/" />

	<!-- dataSource configuration -->
	<beans:bean name="dataSource"
		class="org.springframework.jndi.JndiObjectFactoryBean">
		<beans:property name="jndiName" value="jdbc/NMJmlDB" />
		<beans:property name="resourceRef" value="true" />
	</beans:bean>

	<!-- jdbcTemplate uses dataSource -->
	<beans:bean id="jdbcTemplate"
		class="org.springframework.jdbc.core.namedparam.NamedParameterJdbcTemplate">
		<beans:constructor-arg ref="dataSource" />
	</beans:bean>
	
	<beans:bean id="jdbcTemplateTemp"
		class="org.springframework.jdbc.core.JdbcTemplate">
		<beans:constructor-arg ref="dataSource" />
	</beans:bean>

	<mvc:interceptors>
		<beans:bean class="com.cts.nm.util.AuthenticationInterceptor" />
	</mvc:interceptors>

</beans:beans>